[
  {
      "id": "1",
      "sku": "asdf123",
      "name": "Fitness Classes",
      "price": 12.45,
      "discount": 10,
      "offerEnd": "October 5, 2024 12:11:00",
      "new": false,
      "rating": 4,
      "saleCount": 54,
      "category": "Physical",
      "type": "Program",
      "tag": ["fashion", "men", "jacket", "full sleeve"],
      "variation": [
        {
          "color": "white",
          "image": "/assets/img/product/fashion/1.jpg",
          "size": [
            {
              "name": "x",
              "stock": 3
            },
            {
              "name": "m",
              "stock": 2
            },
            {
              "name": "xl",
              "stock": 5
            }
          ]
        },
        {
          "color": "black",
          "image": "/assets/img/product/fashion/8.jpg",
          "size": [
            {
              "name": "x",
              "stock": 4
            },
            {
              "name": "m",
              "stock": 7
            },
            {
              "name": "xl",
              "stock": 9
            },
            {
              "name": "xxl",
              "stock": 1
            }
          ]
        },
        {
          "color": "brown",
          "image": "/assets/img/product/fashion/3.jpg",
          "size": [
            {
              "name": "x",
              "stock": 1
            },
            {
              "name": "m",
              "stock": 2
            },
            {
              "name": "xl",
              "stock": 4
            },
            {
              "name": "xxl",
              "stock": 0
            }
          ]
        }
      ],
      "image": [
        "/assets/img/product/fashion/32.png",
        "/assets/img/product/fashion/3.jpg",
        "/assets/img/product/fashion/6.jpg",
        "/assets/img/product/fashion/8.jpg",
        "/assets/img/product/fashion/9.jpg"
      ],
      "detailimage": [
        "/assets/img/product/fashion/34d.png",
        "/assets/img/product/fashion/3.jpg",
        "/assets/img/product/fashion/6.jpg",
        "/assets/img/product/fashion/8.jpg",
        "/assets/img/product/fashion/9.jpg"
      ],
      "shortDescription": "Physical Wellness",
      "fullDescription": "Sed ut perspiciatis unde omnis iste natus error sit voluptatem accusantium doloremque laudantium, totam rem aperiam, eaque ipsa quae ab illo inventore veritatis et quasi architecto beatae vitae dicta sunt explicabo."
    },
    {
      "id": "2",
      "sku": "asdf124",
      "name": "Sports Leagues and Tournaments",
      "price": 18.5,
      "discount": 15,
      "new": false,
      "rating": 3,
      "saleCount": 12,
      "category": "Physical",
      "type": "Program",
      "tag": ["fashion", "women", "coat", "full sleeve"],
      "variation": [
        {
          "color": "blue",
          "image": "/assets/img/product/fashion/2.jpg",
          "size": [
            {
              "name": "x",
              "stock": 3
            },
            {
              "name": "m",
              "stock": 6
            },
            {
              "name": "xl",
              "stock": 7
            }
          ]
        },
        {
          "color": "brown",
          "image": "/assets/img/product/fashion/4.jpg",
          "size": [
            {
              "name": "x",
              "stock": 4
            },
            {
              "name": "m",
              "stock": 8
            },
            {
              "name": "xl",
              "stock": 3
            },
            {
              "name": "xxl",
              "stock": 7
            }
          ]
        },
        {
          "color": "black",
          "image": "/assets/img/product/fashion/5.jpg",
          "detailimage": [
        "/assets/img/product/fashion/1.jpg",
        "/assets/img/product/fashion/3.jpg",
        "/assets/img/product/fashion/6.jpg",
        "/assets/img/product/fashion/8.jpg",
        "/assets/img/product/fashion/9.jpg"
      ],
          "size": [
            {
              "name": "x",
              "stock": 3
            },
            {
              "name": "m",
              "stock": 7
            },
            {
              "name": "xl",
              "stock": 0
            },
            {
              "name": "xxl",
              "stock": 7
            }
          ]
        }
      ],
      "image": [
        "/assets/img/product/fashion/33.png",
        "/assets/img/product/fashion/4.jpg",
        "/assets/img/product/fashion/5.jpg",
        "/assets/img/product/fashion/7.jpg",
        "/assets/img/product/fashion/9.jpg"
      ],
      "detailimage": [
        "/assets/img/product/fashion/33d.png",
        "/assets/img/product/fashion/3.jpg",
        "/assets/img/product/fashion/6.jpg",
        "/assets/img/product/fashion/8.jpg",
        "/assets/img/product/fashion/9.jpg"
      ],
      "shortDescription": "Physical Wellness",
      "fullDescription": "Sed ut perspiciatis unde omnis iste natus error sit voluptatem accusantium doloremque laudantium, totam rem aperiam, eaque ipsa quae ab illo inventore veritatis et quasi architecto beatae vitae dicta sunt explicabo."
    },  
    {
      "id": "3",
      "sku": "asdf125",
      "name": "Outdoor Adventure Activities",
      "price": 17.45,
      "discount": 40,
      "offerEnd": "October 2, 2024 12:11:00",
      "new": true,
      "rating": 5,
      "saleCount": 36,
      "category": "Social",
      "type": "Program",
      "tag": ["fashion", "men", "jacket", "full sleeve"],
      "stock": 1,
      "image": [
        "/assets/img/product/fashion/34.png",
        "/assets/img/product/fashion/1.jpg",
        "/assets/img/product/fashion/6.jpg",
        "/assets/img/product/fashion/8.jpg",
        "/assets/img/product/fashion/9.jpg"
      ],
      "detailimage": [
        "/assets/img/product/fashion/34d.png",
        "/assets/img/product/fashion/3.jpg",
        "/assets/img/product/fashion/6.jpg",
        "/assets/img/product/fashion/8.jpg",
        "/assets/img/product/fashion/9.jpg"
      ],
      "shortDescription": "Social Wellness",
      "fullDescription": "Sed ut perspiciatis unde omnis iste natus error sit voluptatem accusantium doloremque laudantium, totam rem aperiam, eaque ipsa quae ab illo inventore veritatis et quasi architecto beatae vitae dicta sunt explicabo."
    },
    {
      "id": "4",
      "sku": "asdf126",
      "name": "Flexibility and Mobility",
      "price": 15.5,
      "discount": 0,
      "new": true,
      "rating": 4,
      "saleCount": 20,
      "category": "Social",
      "type": "Program",
      "tag": ["fashion", "women", "coat", "full sleeve"],
      "variation": [
        {
          "color": "blue",
          "image": "/assets/img/product/fashion/2.jpg",
          "size": [
            {
              "name": "x",
              "stock": 3
            },
            {
              "name": "m",
              "stock": 6
            },
            {
              "name": "xl",
              "stock": 7
            }
          ]
        },
        {
          "color": "brown",
          "image": "/assets/img/product/fashion/4.jpg",
          "size": [
            {
              "name": "x",
              "stock": 4
            },
            {
              "name": "m",
              "stock": 8
            },
            {
              "name": "xl",
              "stock": 3
            },
            {
              "name": "xxl",
              "stock": 7
            }
          ]
        },
        {
          "color": "black",
          "image": "/assets/img/product/fashion/5.jpg",
          "size": [
            {
              "name": "x",
              "stock": 3
            },
            {
              "name": "m",
              "stock": 7
            },
            {
              "name": "xl",
              "stock": 0
            },
            {
              "name": "xxl",
              "stock": 7
            }
          ]
        }
      ],
      "image": [
        "/assets/img/product/fashion/35.png",
        "/assets/img/product/fashion/2.jpg",
        "/assets/img/product/fashion/5.jpg",
        "/assets/img/product/fashion/7.jpg",
        "/assets/img/product/fashion/9.jpg"
      ],
      "detailimage": [
        "/assets/img/product/fashion/35d.png",
        "/assets/img/product/fashion/3.jpg",
        "/assets/img/product/fashion/6.jpg",
        "/assets/img/product/fashion/8.jpg",
        "/assets/img/product/fashion/9.jpg"
      ],
      "shortDescription": "Social Wellness",
      "fullDescription": "Sed ut perspiciatis unde omnis iste natus error sit voluptatem accusantium doloremque laudantium, totam rem aperiam, eaque ipsa quae ab illo inventore veritatis et quasi architecto beatae vitae dicta sunt explicabo."
  },
    {
      "id": "5",
      "sku": "asdf127",
      "name": "Strengthen social connections",
      "price": 25.5,
      "discount": 10,
      "new": true,
      "rating": 5,
      "saleCount": 25,
      "category": "Emotional",
      "type": "Program",
      "tag": ["fashion", "women", "coat", "full sleeve"],
      "variation": [
        {
          "color": "blue",
          "image": "/assets/img/product/fashion/2.jpg",
          "size": [
            {
              "name": "x",
              "stock": 3
            },
            {
              "name": "m",
              "stock": 6
            },
            {
              "name": "xl",
              "stock": 7
            }
          ]
        },
        {
          "color": "brown",
          "image": "/assets/img/product/fashion/4.jpg",
          "size": [
            {
              "name": "x",
              "stock": 4
            },
            {
              "name": "m",
              "stock": 8
            },
            {
              "name": "xl",
              "stock": 3
            },
            {
              "name": "xxl",
              "stock": 7
            }
          ]
        },
        {
          "color": "black",
          "image": "/assets/img/product/fashion/5.jpg",
          "size": [
            {
              "name": "x",
              "stock": 3
            },
            {
              "name": "m",
              "stock": 7
            },
            {
              "name": "xl",
              "stock": 0
            },
            {
              "name": "xxl",
              "stock": 7
            }
          ]
        }
      ],
      "image": [
        "/assets/img/product/fashion/36.png",
        "/assets/img/product/fashion/2.jpg",
        "/assets/img/product/fashion/4.jpg",
        "/assets/img/product/fashion/7.jpg",
        "/assets/img/product/fashion/9.jpg"
      ],
      "detailimage": [
        "/assets/img/product/fashion/36d.png",
        "/assets/img/product/fashion/3.jpg",
        "/assets/img/product/fashion/6.jpg",
        "/assets/img/product/fashion/8.jpg",
        "/assets/img/product/fashion/9.jpg"
      ],
      "shortDescription": "Emotional",
      "fullDescription": "Sed ut perspiciatis unde omnis iste natus error sit voluptatem accusantium doloremque laudantium, totam rem aperiam, eaque ipsa quae ab illo inventore veritatis et quasi architecto beatae vitae dicta sunt explicabo."
    },
    {
      "id": "6",
      "sku": "asdf128",
      "name": "Build Resiliance",
      "price": 19.85,
      "discount": 0,
      "offerEnd": "October 17, 2024 12:11:00",
      "new": true,
      "rating": 5,
      "saleCount": 65,
      "category": "Emotional",
      "type": "Program",
      "tag": ["fashion", "men", "jacket", "full sleeve"],
      "variation": [
        {
          "color": "white",
          "image": "/assets/img/product/fashion/1.jpg",
          "size": [
            {
              "name": "x",
              "stock": 3
            },
            {
              "name": "m",
              "stock": 2
            },
            {
              "name": "xl",
              "stock": 5
            }
          ]
        },
        {
          "color": "black",
          "image": "/assets/img/product/fashion/8.jpg",
          "size": [
            {
              "name": "x",
              "stock": 4
            },
            {
              "name": "m",
              "stock": 7
            },
            {
              "name": "xl",
              "stock": 9
            },
            {
              "name": "xxl",
              "stock": 1
            }
          ]
        },
        {
          "color": "brown",
          "image": "/assets/img/product/fashion/3.jpg",
          "size": [
            {
              "name": "x",
              "stock": 1
            },
            {
              "name": "m",
              "stock": 2
            },
            {
              "name": "xl",
              "stock": 4
            },
            {
              "name": "xxl",
              "stock": 0
            }
          ]
        }
      ],
      "image": [
        "/assets/img/product/fashion/37.png",
        "/assets/img/product/fashion/3.jpg",
        "/assets/img/product/fashion/1.jpg",
        "/assets/img/product/fashion/8.jpg",
        "/assets/img/product/fashion/9.jpg"
      ],
      "detailimage": [
        "/assets/img/product/fashion/37d.png",
        "/assets/img/product/fashion/3.jpg",
        "/assets/img/product/fashion/6.jpg",
        "/assets/img/product/fashion/8.jpg",
        "/assets/img/product/fashion/9.jpg"
      ],
      "shortDescription": "Emotional",
      "fullDescription": "Sed ut perspiciatis unde omnis iste natus error sit voluptatem accusantium doloremque laudantium, totam rem aperiam, eaque ipsa quae ab illo inventore veritatis et quasi architecto beatae vitae dicta sunt explicabo."
    },
    {
      "id": "7",
      "sku": "asdf129",
      "name": "Meditation and Mindfulness",
      "price": 55.5,
      "discount": 40,
      "new": true,
      "rating": 5,
      "saleCount": 55,
      "category": "Spiritual",
      "type": "Program",
      "tag": ["fashion", "women", "coat", "full sleeve"],
      "variation": [
        {
          "color": "blue",
          "image": "/assets/img/product/fashion/2.jpg",
          "size": [
            {
              "name": "x",
              "stock": 3
            },
            {
              "name": "m",
              "stock": 6
            },
            {
              "name": "xl",
              "stock": 7
            }
          ]
        },
        {
          "color": "brown",
          "image": "/assets/img/product/fashion/4.jpg",
          "size": [
            {
              "name": "x",
              "stock": 4
            },
            {
              "name": "m",
              "stock": 8
            },
            {
              "name": "xl",
              "stock": 3
            },
            {
              "name": "xxl",
              "stock": 7
            }
          ]
        },
        {
          "color": "black",
          "image": "/assets/img/product/fashion/5.jpg",
          "size": [
            {
              "name": "x",
              "stock": 3
            },
            {
              "name": "m",
              "stock": 7
            },
            {
              "name": "xl",
              "stock": 0
            },
            {
              "name": "xxl",
              "stock": 7
            }
          ]
        }
      ],
      "image": [
        "/assets/img/product/fashion/38.png",
        "/assets/img/product/fashion/5.jpg",
        "/assets/img/product/fashion/2.jpg",
        "/assets/img/product/fashion/4.jpg",
        "/assets/img/product/fashion/9.jpg"
      ],
      "detailimage": [
        "/assets/img/product/fashion/34d.png",
        "/assets/img/product/fashion/3.jpg",
        "/assets/img/product/fashion/6.jpg",
        "/assets/img/product/fashion/8.jpg",
        "/assets/img/product/fashion/9.jpg"
      ],
      "shortDescription": "Spiritual Wellness",
      "fullDescription": "Sed ut perspiciatis unde omnis iste natus error sit voluptatem accusantium doloremque laudantium, totam rem aperiam, eaque ipsa quae ab illo inventore veritatis et quasi architecto beatae vitae dicta sunt explicabo."
    },
    {
      "id": "8",
      "sku": "asdf130",
      "name": "Service Trips and Volunteer Opportunities",
      "price": 29.85,
      "discount": 10,
      "offerEnd": "October 18, 2024 12:11:00",
      "new": false,
      "rating": 5,
      "saleCount": 83,
      "category": "Spiritual",
      "type": "Program",
      "tag": ["fashion", "men", "jacket", "full sleeve"],
      "stock": 0,
      "image": [
        "/assets/img/product/fashion/36.png",
        "/assets/img/product/fashion/6.jpg",
        "/assets/img/product/fashion/3.jpg",
        "/assets/img/product/fashion/1.jpg",
        "/assets/img/product/fashion/9.jpg"
      ],
      "detailimage": [
        "/assets/img/product/fashion/34d.png",
        "/assets/img/product/fashion/3.jpg",
        "/assets/img/product/fashion/6.jpg",
        "/assets/img/product/fashion/8.jpg",
        "/assets/img/product/fashion/9.jpg"
      ],
      "shortDescription": "Spiritual Wellness",
      "fullDescription": "Sed ut perspiciatis unde omnis iste natus error sit voluptatem accusantium doloremque laudantium, totam rem aperiam, eaque ipsa quae ab illo inventore veritatis et quasi architecto beatae vitae dicta sunt explicabo."
   },
    {
      "id": "9",
      "sku": "asdf131",
      "name": "Declutters your mind",
      "price": 35.6,
      "discount": 0,
      "new": false,
      "rating": 4,
      "saleCount": 95,
      "category": "Intellectual",
      "type": "Program",
      "tag": ["fashion", "women", "top", "sleeveless"],
      "stock": 5,
      "affiliateLink": "//www.amazon.com",
      "image": [
        "/assets/img/product/fashion/9.jpg",
        "/assets/img/product/fashion/7.jpg",
        "/assets/img/product/fashion/5.jpg",
        "/assets/img/product/fashion/2.jpg",
        "/assets/img/product/fashion/4.jpg"
      ],
      "detailimage": [
        "/assets/img/product/fashion/34d.png",
        "/assets/img/product/fashion/3.jpg",
        "/assets/img/product/fashion/6.jpg",
        "/assets/img/product/fashion/8.jpg",
        "/assets/img/product/fashion/9.jpg"
      ],
      "shortDescription": "Intellectual Wellness",
      "fullDescription": "Sed ut perspiciatis unde omnis iste natus error sit voluptatem accusantium doloremque laudantium, totam rem aperiam, eaque ipsa quae ab illo inventore veritatis et quasi architecto beatae vitae dicta sunt explicabo."
    },
    {
      "id": "10",
      "sku": "asdf132",
      "name": "Bhramari Pranayama",
      "price": 15.6,
      "discount": 0,
      "new": false,
      "rating": 4,
      "saleCount": 90,
      "category": "Intellectual",
      "type": "Program",
      "tag": ["electronics"],
      "stock": 15,
      "image": [
        "/assets/img/product/electronics/1.jpg",
        "/assets/img/product/electronics/2.jpg",
        "/assets/img/product/electronics/3.jpg",
        "/assets/img/product/electronics/4.jpg",
        "/assets/img/product/electronics/5.jpg"
      ],
      "detailimage": [
        "/assets/img/product/fashion/34d.png",
        "/assets/img/product/fashion/3.jpg",
        "/assets/img/product/fashion/6.jpg",
        "/assets/img/product/fashion/8.jpg",
        "/assets/img/product/fashion/9.jpg"
      ],
      "shortDescription": "Intellectual",
      "fullDescription": "Sed ut perspiciatis unde omnis iste natus error sit voluptatem accusantium doloremque laudantium, totam rem aperiam, eaque ipsa quae ab illo inventore veritatis et quasi architecto beatae vitae dicta sunt explicabo. Nemo enim ipsam voluptatem quia voluptas sit aspernatur aut odit aut fugit, sed quia consequuntur magni dolores eos qui ratione voluptatem sequi nesciunt."
    },
    {
      "id": "11",
      "sku": "asdf133",
      "name": "Neck Roll",
      "price": 10.6,
      "discount": 10,
      "new": true,
      "rating": 5,
      "saleCount": 190,
      "category": "Occupational",
      "type": "Program",
      "tag": ["electronics"],
      "stock": 25,
      "image": [
        "/assets/img/product/electronics/2.jpg",
        "/assets/img/product/electronics/3.jpg",
        "/assets/img/product/electronics/4.jpg",
        "/assets/img/product/electronics/5.jpg",
        "/assets/img/product/electronics/6.jpg"
      ],
      "detailimage": [
        "/assets/img/product/fashion/34d.png",
        "/assets/img/product/fashion/3.jpg",
        "/assets/img/product/fashion/6.jpg",
        "/assets/img/product/fashion/8.jpg",
        "/assets/img/product/fashion/9.jpg"
      ],
      "shortDescription": "Professional Wellness",
      "fullDescription": "Sed ut perspiciatis unde omnis iste natus error sit voluptatem accusantium doloremque laudantium, totam rem aperiam, eaque ipsa quae ab illo inventore veritatis et quasi architecto beatae vitae dicta sunt explicabo. Nemo enim ipsam voluptatem quia voluptas sit aspernatur aut odit aut fugit, sed quia consequuntur magni dolores eos qui ratione voluptatem sequi nesciunt."
    },
    {
      "id": "12",
      "sku": "asdf134",
      "name": "Seated Forward Bend",
      "price": 12.5,
      "discount": 20,
      "new": true,
      "rating": 3,
      "saleCount": 90,
      "category": "Occupational",
      "type": "Program",
      "tag": ["electronics"],
      "stock": 20,
      "image": [
        "/assets/img/product/electronics/3.jpg",
        "/assets/img/product/electronics/4.jpg",
        "/assets/img/product/electronics/5.jpg",
        "/assets/img/product/electronics/6.jpg",
        "/assets/img/product/electronics/7.jpg"
      ],
      "detailimage": [
        "/assets/img/product/fashion/34d.png",
        "/assets/img/product/fashion/3.jpg",
        "/assets/img/product/fashion/6.jpg",
        "/assets/img/product/fashion/8.jpg",
        "/assets/img/product/fashion/9.jpg"
      ],
      "shortDescription": "Professional Wellness",
      "fullDescription": "Sed ut perspiciatis unde omnis iste natus error sit voluptatem accusantium doloremque laudantium, totam rem aperiam, eaque ipsa quae ab illo inventore veritatis et quasi architecto beatae vitae dicta sunt explicabo. Nemo enim ipsam voluptatem quia voluptas sit aspernatur aut odit aut fugit, sed quia consequuntur magni dolores eos qui ratione voluptatem sequi nesciunt."
    },
    {
      "id": "13",
      "sku": "asdf135",
      "name": "Meditation and Mindfulness",
      "price": 14.5,
      "discount": 30,
      "new": false,
      "rating": 4,
      "saleCount": 100,
      "category": "Environmental",
      "type": "Program",
      "tag": ["electronics"],
      "stock": 40,
      "image": [
        "/assets/img/product/fashion/38.png",
        "/assets/img/product/electronics/5.jpg",
        "/assets/img/product/electronics/6.jpg",
        "/assets/img/product/electronics/7.jpg",
        "/assets/img/product/electronics/8.jpg"
      ],
      "detailimage": [
        "/assets/img/product/fashion/34d.png",
        "/assets/img/product/fashion/3.jpg",
        "/assets/img/product/fashion/6.jpg",
        "/assets/img/product/fashion/8.jpg",
        "/assets/img/product/fashion/9.jpg"
      ],
      "shortDescription": "Environmental Wellness",
      "fullDescription": "Sed ut perspiciatis unde omnis iste natus error sit voluptatem accusantium doloremque laudantium, totam rem aperiam, eaque ipsa quae ab illo inventore veritatis et quasi architecto beatae vitae dicta sunt explicabo. Nemo enim ipsam voluptatem quia voluptas sit aspernatur aut odit aut fugit, sed quia consequuntur magni dolores eos qui ratione voluptatem sequi nesciunt."
    },
    {
      "id": "14",
      "sku": "asdf136",
      "name": "Service Trips and Volunteer Opportunities",
      "price": 2.5,
      "discount": 10,
      "new": true,
      "rating": 5,
      "saleCount": 120,
      "category": "Environmental",
      "type": "Program",
      "tag": ["electronics"],
      "stock": 45,
      "image": [
        "/assets/img/product/fashion/36.png",
        "/assets/img/product/electronics/6.jpg",
        "/assets/img/product/electronics/7.jpg",
        "/assets/img/product/electronics/8.jpg",
        "/assets/img/product/electronics/1.jpg"
      ],
      "detailimage": [
        "/assets/img/product/fashion/34d.png",
        "/assets/img/product/fashion/3.jpg",
        "/assets/img/product/fashion/6.jpg",
        "/assets/img/product/fashion/8.jpg",
        "/assets/img/product/fashion/9.jpg"
      ],
      "shortDescription": "Environmental Wellness",
      "fullDescription": "Sed ut perspiciatis unde omnis iste natus error sit voluptatem accusantium doloremque laudantium, totam rem aperiam, eaque ipsa quae ab illo inventore veritatis et quasi architecto beatae vitae dicta sunt explicabo. Nemo enim ipsam voluptatem quia voluptas sit aspernatur aut odit aut fugit, sed quia consequuntur magni dolores eos qui ratione voluptatem sequi nesciunt."
    },
    {
      "id": "15",
      "sku": "asdf137",
      "name": "Strengthen social connections",
      "price": 12.5,
      "discount": 0,
      "new": false,
      "rating": 4,
      "saleCount": 20,
      "category": "Financial",
      "type": "Program",
      "tag": ["electronics"],
      "stock": 5,
      "image": [
        "/assets/img/product/fashion/36.png",
        "/assets/img/product/electronics/7.jpg",
        "/assets/img/product/electronics/8.jpg",
        "/assets/img/product/electronics/1.jpg",
        "/assets/img/product/electronics/2.jpg"
      ],
      "detailimage": [
        "/assets/img/product/fashion/34d.png",
        "/assets/img/product/fashion/3.jpg",
        "/assets/img/product/fashion/6.jpg",
        "/assets/img/product/fashion/8.jpg",
        "/assets/img/product/fashion/9.jpg"
      ],
      "shortDescription": "Financial wellness",
      "fullDescription": "Sed ut perspiciatis unde omnis iste natus error sit voluptatem accusantium doloremque laudantium, totam rem aperiam, eaque ipsa quae ab illo inventore veritatis et quasi architecto beatae vitae dicta sunt explicabo. Nemo enim ipsam voluptatem quia voluptas sit aspernatur aut odit aut fugit, sed quia consequuntur magni dolores eos qui ratione voluptatem sequi nesciunt."
    },
    {
      "id": "16",
      "sku": "asdf138",
      "name": "Build Resiliance",
      "price": 22.5,
      "discount": 20,
      "new": true,
      "rating": 5,
      "saleCount": 25,
      "category": "Financial",
      "type": "Program",
      "tag": ["electronics"],
      "stock": 7,
      "image": [
        "/assets/img/product/fashion/37.png",
        "/assets/img/product/electronics/8.jpg",
        "/assets/img/product/electronics/1.jpg",
        "/assets/img/product/electronics/2.jpg",
        "/assets/img/product/electronics/3.jpg"
      ],
      "detailimage": [
        "/assets/img/product/fashion/34d.png",
        "/assets/img/product/fashion/3.jpg",
        "/assets/img/product/fashion/6.jpg",
        "/assets/img/product/fashion/8.jpg",
        "/assets/img/product/fashion/9.jpg"
      ],
      "shortDescription": "Financial wellness",
      "fullDescription": "Sed ut perspiciatis unde omnis iste natus error sit voluptatem accusantium doloremque laudantium, totam rem aperiam, eaque ipsa quae ab illo inventore veritatis et quasi architecto beatae vitae dicta sunt explicabo. Nemo enim ipsam voluptatem quia voluptas sit aspernatur aut odit aut fugit, sed quia consequuntur magni dolores eos qui ratione voluptatem sequi nesciunt."
    }
]